{"circle": {"means": {"training_time": 124.4998710155487, "eval_loss": 0.4342241203388595, "inference_time": 0.48600244522094727, "kl_divergence": 0.35751231165757974}}, "dino": {"means": {"training_time": 124.02915835380554, "eval_loss": 0.6641417606102537, "inference_time": 0.4153738021850586, "kl_divergence": 1.0581862918216798}}, "line": {"means": {"training_time": 124.19789981842041, "eval_loss": 0.8071305361550177, "inference_time": 0.4155740737915039, "kl_divergence": 0.16993797846370498}}, "moons": {"means": {"training_time": 124.51187419891357, "eval_loss": 0.6133803295357453, "inference_time": 0.4171450138092041, "kl_divergence": 0.09261376536255227}}}