{"final_train_loss": 0.009417005814611912, "final_val_loss": 0.010834035463631153, "final_train_acc": 1.0, "final_val_acc": 1.0, "step_val_acc_99": 4300}