{"final_train_loss": 0.004233590327203274, "final_val_loss": 0.005556538235396147, "final_train_acc": 1.0, "final_val_acc": 1.0, "step_val_acc_99": 4430}