{"final_train_loss": 0.02173086255788803, "final_val_loss": 0.01743267849087715, "final_train_acc": 1.0, "final_val_acc": 1.0, "step_val_acc_99": 4450}