{"final_train_loss": 0.006673371884971857, "final_val_loss": 0.010667921975255013, "final_train_acc": 1.0, "final_val_acc": 1.0, "step_val_acc_99": 4670}