{"final_train_loss": 0.01152916718274355, "final_val_loss": 0.01207046303898096, "final_train_acc": 1.0, "final_val_acc": 1.0, "step_val_acc_99": 2070}