{"final_train_loss": 0.00526099419221282, "final_val_loss": 0.0056738220155239105, "final_train_acc": 1.0, "final_val_acc": 1.0, "step_val_acc_99": 2590}