{"final_train_loss": 0.006074853241443634, "final_val_loss": 0.00696001760661602, "final_train_acc": 1.0, "final_val_acc": 1.0, "step_val_acc_99": 4450}