{"final_train_loss": 0.026168102398514748, "final_val_loss": 8.076539039611816, "final_train_acc": 0.9996094107627869, "final_val_acc": 0.009765625, "step_val_acc_99": 7500}