{"final_train_loss": 0.02258438989520073, "final_val_loss": 7.665555953979492, "final_train_acc": 0.999804675579071, "final_val_acc": 0.010009765625, "step_val_acc_99": 7500}