{"final_train_loss": 0.0031239637173712254, "final_val_loss": 0.0034582612570375204, "final_train_acc": 1.0, "final_val_acc": 1.0, "step_val_acc_99": 4090}