{"final_train_loss": 0.004654013551771641, "final_val_loss": 0.005245573818683624, "final_train_acc": 1.0, "final_val_acc": 1.0, "step_val_acc_99": 2960}