{"x_div_y": {"means": {"final_train_loss_mean": 0.011423944029957056, "final_val_loss_mean": 0.010574991737181941, "final_train_acc_mean": 1.0, "final_val_acc_mean": 1.0, "step_val_acc_99_mean": 4280.0}, "stderrs": {"final_train_loss_stderr": 0.002575885635048523, "final_val_loss_stderr": 0.0019026572450813615, "final_train_acc_stderr": 0.0, "final_val_acc_stderr": 0.0, "step_val_acc_99_stderr": 49.21607686744466}, "final_info_dict": {"final_train_loss": [0.0031239637173712254, 0.02173086255788803, 0.009417005814611912], "final_val_loss": [0.0034582612570375204, 0.01743267849087715, 0.010834035463631153], "final_train_acc": [1.0, 1.0, 1.0], "final_val_acc": [1.0, 1.0, 1.0], "step_val_acc_99": [4090, 4450, 4300]}}, "x_minus_y": {"means": {"final_train_loss_mean": 0.005660605151206255, "final_val_loss_mean": 0.007728159272422393, "final_train_acc_mean": 1.0, "final_val_acc_mean": 1.0, "step_val_acc_99_mean": 4516.666666666667}, "stderrs": {"final_train_loss_stderr": 0.0003460715642760003, "final_val_loss_stderr": 0.0007187485084343553, "final_train_acc_stderr": 0.0, "final_val_acc_stderr": 0.0, "step_val_acc_99_stderr": 36.2433476228891}, "final_info_dict": {"final_train_loss": [0.006074853241443634, 0.006673371884971857, 0.004233590327203274], "final_val_loss": [0.00696001760661602, 0.010667921975255013, 0.005556538235396147], "final_train_acc": [1.0, 1.0, 1.0], "final_val_acc": [1.0, 1.0, 1.0], "step_val_acc_99": [4450, 4670, 4430]}}, "x_plus_y": {"means": {"final_train_loss_mean": 0.007148058308909337, "final_val_loss_mean": 0.007663286291062832, "final_train_acc_mean": 1.0, "final_val_acc_mean": 1.0, "step_val_acc_99_mean": 2540.0}, "stderrs": {"final_train_loss_stderr": 0.0010359355262992162, "final_val_loss_stderr": 0.0010404149562150992, "final_train_acc_stderr": 0.0, "final_val_acc_stderr": 0.0, "step_val_acc_99_stderr": 121.68569105448432}, "final_info_dict": {"final_train_loss": [0.00526099419221282, 0.01152916718274355, 0.004654013551771641], "final_val_loss": [0.0056738220155239105, 0.01207046303898096, 0.005245573818683624], "final_train_acc": [1.0, 1.0, 1.0], "final_val_acc": [1.0, 1.0, 1.0], "step_val_acc_99": [2590, 2070, 2960]}}, "permutation": {"means": {"final_train_loss_mean": 0.1263062177846829, "final_val_loss_mean": 7.8276716868082685, "final_train_acc_mean": 0.9781901240348816, "final_val_acc_mean": 0.009602864583333334, "step_val_acc_99_mean": 7500.0}, "stderrs": {"final_train_loss_stderr": 0.04805272420927457, "final_val_loss_stderr": 0.059548397276160264, "final_train_acc_stderr": 0.010143207759870909, "final_val_acc_stderr": 0.0001383197567706376, "step_val_acc_99_stderr": 0.0}, "final_info_dict": {"final_train_loss": [0.33016616106033325, 0.026168102398514748, 0.02258438989520073], "final_val_loss": [7.740920066833496, 8.076539039611816, 7.665555953979492], "final_train_acc": [0.9351562857627869, 0.9996094107627869, 0.999804675579071], "final_val_acc": [0.009033203125, 0.009765625, 0.010009765625], "step_val_acc_99": [7500, 7500, 7500]}}}