{"final_train_loss": 0.33016616106033325, "final_val_loss": 7.740920066833496, "final_train_acc": 0.9351562857627869, "final_val_acc": 0.009033203125, "step_val_acc_99": 7500}